,day,hour,month,weekday,avg_hrly_hum,avg_hrly_temp,avg_hrly_press,tot_motion_count,avg_hrly_light,num_hrs_slept,num_psets_due
0,23,8,10,2,51.35,22.8,100858.13,0.0,4095.0,6.46,3
1,29,22,10,1,54.2,20.5,102802.44,57.0,2155.5,6.9,0
2,29,23,10,1,62.25,19.8,102801.11,26.0,3780.75,6.9,0
3,30,0,10,2,65.15,20.15,102810.425,0.0,4095.0,6.46,1
4,30,1,10,2,62.2,20.4,102802.39,0.0,4095.0,6.46,1
5,30,2,10,2,63.15000000000001,20.65,102768.615,0.0,4095.0,6.46,1
6,30,3,10,2,64.35,20.8,102739.195,0.0,4095.0,6.46,1
7,30,4,10,2,65.4,20.8,102742.19,2.0,4095.0,6.46,1
8,30,5,10,2,56.5,21.1,102744.075,0.0,4095.0,6.46,1
9,30,6,10,2,55.40000000000001,21.45,102749.34,97.0,3771.166666666666,6.46,1
10,30,7,10,2,55.45,21.6,102814.07,14.0,3819.166666666666,6.46,1
11,30,8,10,2,55.5,21.7,102854.56,10.0,2288.0,6.46,1
12,30,9,10,2,57.15000000000001,21.8,102824.42,84.0,2091.6666666666665,6.46,1
13,30,10,10,2,55.95,21.8,102806.475,124.0,2186.5,6.46,1
14,30,11,10,2,58.25,21.70000000000001,102751.21,66.0,3520.166666666666,6.46,1
15,30,12,10,2,59.45,21.55,102683.675,0.0,4052.5,6.46,1
16,30,13,10,2,60.7,21.45,102609.78,0.0,4049.916666666666,6.46,1
17,30,14,10,2,58.1,21.4,102591.685,0.0,4095.0,6.46,1
18,30,15,10,2,57.45,21.45,102550.69,0.0,4095.0,6.46,1
19,30,16,10,2,56.5,21.3,102538.455,0.0,4095.0,6.46,1
20,30,17,10,2,55.75,21.2,102512.735,0.0,4095.0,6.46,1
21,30,18,10,2,57.7,21.2,102502.395,0.0,4095.0,6.46,1
22,30,19,10,2,58.35,21.15,102430.225,0.0,4095.0,6.46,1
23,30,20,10,2,58.75,21.1,102360.265,0.0,4095.0,6.46,1
24,30,21,10,2,59.0,21.0,102281.99,36.0,4038.166666666666,6.46,1
25,30,22,10,2,56.5,21.25,102190.51,60.0,2950.0,6.46,1
26,30,23,10,2,54.65,21.65,102120.58,0.0,4095.0,6.46,1
27,31,0,10,3,58.8,21.85,102073.92,0.0,4095.0,8.43,0
28,31,1,10,3,59.55,21.95,101991.355,14.0,4095.0,8.43,0
29,31,2,10,3,60.0,22.0,101924.715,0.0,4095.0,8.43,0
30,31,3,10,3,60.45,22.1,101859.24,0.0,4095.0,8.43,0
31,31,4,10,3,60.5,22.2,101843.215,0.0,4095.0,8.43,0
32,31,5,10,3,60.5,22.3,101792.62,0.0,4095.0,8.43,0
33,31,6,10,3,60.45,22.35,101772.075,0.0,4095.0,8.43,0
34,31,7,10,3,60.4,22.45,101703.43,0.0,4095.0,8.43,0
35,31,8,10,3,60.4,22.5,101649.08,107.0,2868.166666666666,8.43,0
36,31,9,10,3,61.1,22.35,101593.525,17.0,3930.666666666666,8.43,0
37,31,10,10,3,61.90000000000001,22.2,101498.305,0.0,4095.0,8.43,0
38,31,11,10,3,62.35,22.05,101389.225,0.0,4087.5,8.43,0
39,31,12,10,3,62.15000000000001,22.05,101297.43,0.0,4095.0,8.43,0
40,31,13,10,3,61.7,22.0,101207.39,0.0,4095.0,8.43,0
41,31,14,10,3,60.9,22.0,101136.195,0.0,4095.0,8.43,0
42,31,15,10,3,60.55,22.0,101075.465,0.0,4095.0,8.43,0
43,31,16,10,3,60.4,22.05,100986.395,0.0,4095.0,8.43,0
44,31,17,10,3,60.15000000000001,22.0,100901.8,0.0,4095.0,8.43,0
45,31,18,10,3,59.85,22.05,100872.665,0.0,4095.0,8.43,0
46,31,19,10,3,59.8,22.1,100794.68,0.0,4095.0,8.43,0
47,31,20,10,3,59.7,22.15,100697.745,0.0,4095.0,8.43,0
48,31,21,10,3,59.75,22.15,100591.305,52.0,3033.75,8.43,0
49,31,22,10,3,60.65,22.3,100505.11,0.0,2133.25,8.43,0
50,31,23,10,3,61.6,22.4,100383.66,5.0,2202.9166666666665,8.43,0
51,1,0,11,4,61.9,22.5,100249.325,84.0,2582.4166666666665,6.23,0
52,1,1,11,4,62.45,22.5,100136.915,4.0,4095.0,6.23,0
53,1,2,11,4,62.8,22.5,99926.29,0.0,4095.0,6.23,0
54,1,3,11,4,62.9,22.5,99794.105,0.0,4095.0,6.23,0
55,1,4,11,4,62.9,22.55,100001.22,0.0,4095.0,6.23,0
56,1,5,11,4,62.55,22.5,100244.86,0.0,4095.0,6.23,0
57,1,6,11,4,61.6,22.35,100437.205,8.0,4095.0,6.23,0
58,1,7,11,4,56.4,22.2,100765.5,0.0,4095.0,6.23,0
59,1,8,11,4,49.25,21.95,100938.05,73.0,2714.833333333333,6.23,0
60,1,9,11,4,49.05,21.65,101035.25,166.0,2263.6666666666665,6.23,0
61,1,10,11,4,46.95,21.5,101151.895,33.0,4052.0,6.23,0
62,1,11,11,4,43.9,21.15,101217.115,0.0,4095.0,6.23,0
63,1,12,11,4,47.55,20.9,101252.565,19.0,3721.166666666666,6.23,0
64,1,13,11,4,43.85,20.8,101356.83,57.0,3592.916666666666,6.23,0
65,1,14,11,4,39.55,20.5,101501.005,21.0,3766.5,6.23,0
66,1,15,11,4,39.95,20.3,101654.505,3.0,2199.4166666666665,6.23,0
67,1,16,11,4,38.6,20.15,101818.875,25.0,3626.833333333334,6.23,0
68,1,17,11,4,37.25,19.8,101966.77,0.0,4095.0,6.23,0
69,1,18,11,4,37.35,19.55,102116.565,16.0,3613.75,6.23,0
70,1,19,11,4,35.84999999999999,19.35,102218.715,42.0,3170.25,6.23,0
71,1,20,11,4,36.0,19.15,102272.335,0.0,4095.0,6.23,0
72,1,21,11,4,36.0,18.85,102351.03,72.0,3482.5,6.23,0
73,1,22,11,4,36.1,18.85,102363.875,0.0,2317.5,6.23,0
74,1,23,11,4,34.65000000000001,19.1,102391.545,48.0,3506.0,6.23,0
75,2,0,11,5,34.9,19.1,102409.215,0.0,4095.0,7.35,0
76,2,1,11,5,35.0,19.15,102411.53,0.0,4095.0,7.35,0
77,2,2,11,5,35.1,19.1,102414.535,0.0,4095.0,7.35,0
78,2,3,11,5,35.05,19.0,102442.0,0.0,4095.0,7.35,0
79,2,4,11,5,34.8,19.0,102485.81,0.0,4095.0,7.35,0
80,2,5,11,5,34.7,18.95,102491.98,0.0,4095.0,7.35,0
81,2,6,11,5,33.5,18.8,102500.145,14.0,4095.0,7.35,0
82,2,7,11,5,33.4,18.75,102524.4,129.0,3794.166666666666,7.35,0
83,2,8,11,5,32.45,18.55,102559.865,0.0,4095.0,7.35,0
84,2,9,11,5,33.3,18.4,102543.01,150.0,2801.333333333333,7.35,0
85,2,10,11,5,33.7,18.0,102522.655,0.0,4095.0,7.35,0
86,2,11,11,5,35.40000000000001,17.65,102395.715,0.0,4095.0,7.35,0
87,2,12,11,5,36.95,17.45,102286.745,0.0,4095.0,7.35,0
88,2,13,11,5,37.95,17.35,102185.065,0.0,4095.0,7.35,0
89,2,14,11,5,37.75,17.25,102096.86,58.0,3929.75,7.35,0
90,2,15,11,5,40.15,17.450000000000006,102036.25,58.0,2359.75,7.35,0
91,2,16,11,5,44.55,17.65,102008.505,53.0,3222.083333333333,7.35,0
92,2,17,11,5,40.5,18.05,101991.235,37.0,2410.833333333333,7.35,0
93,2,18,11,5,37.2,18.4,101945.44,65.0,2410.583333333333,7.35,0
94,2,19,11,5,38.05,18.3,101884.83,0.0,4095.0,7.35,0
95,2,20,11,5,36.25,18.05,101862.545,0.0,4095.0,7.35,0
96,2,21,11,5,38.1,17.9,101840.18,70.0,2857.0,7.35,0
97,2,22,11,5,38.25,18.2,101807.555,44.0,2409.25,7.35,0
98,2,23,11,5,36.8,18.3,101787.34,41.0,2409.1666666666665,7.35,0
99,3,0,11,6,36.9,18.4,101747.13,119.0,2418.9166666666665,7.12,0
100,3,9,11,6,44.1,19.8,101860.03,90.0,1922.166666666667,7.12,0
101,3,10,11,6,43.5,18.9,101849.89,67.0,2254.75,7.12,0
102,3,11,11,6,39.75,18.95,101791.66,72.0,2999.0,7.12,0
103,3,12,11,6,39.1,18.9,101775.85,78.0,2343.9166666666665,7.12,0
104,3,13,11,6,39.9,19.0,101776.87,0.0,4095.0,7.12,0
105,3,14,11,6,39.75,19.0,101828.755,0.0,4095.0,7.12,0
106,3,15,11,6,38.3,19.0,101877.975,48.0,3715.25,7.12,0
107,3,16,11,6,37.15000000000001,19.55,101951.075,204.0,1987.25,7.12,0
108,3,17,11,6,39.35,19.700000000000006,102050.37,73.0,2060.833333333333,7.12,0
109,3,18,11,6,43.5,21.35,102133.205,227.0,2079.25,7.12,0
110,3,19,11,6,41.40000000000001,23.0,102199.11,213.0,2080.0,7.12,0
111,3,20,11,6,45.2,22.6,102275.065,93.0,2088.6666666666665,7.12,0
112,3,21,11,6,41.4,21.05,102346.39,17.0,2243.9166666666665,7.12,0
113,3,22,11,6,34.75,20.15,102384.685,159.0,2755.916666666666,7.12,0
114,3,23,11,6,34.55,20.2,102442.53,0.0,4095.0,7.12,0
115,4,0,11,0,33.8,20.05,102502.44,0.0,4095.0,6.18,0
116,4,1,11,0,33.7,19.95,102574.235,9.0,4095.0,6.18,0
117,4,2,11,0,33.55,19.9,102614.77,0.0,4095.0,6.18,0
118,4,3,11,0,33.25,19.7,102663.04,0.0,4095.0,6.18,0
119,4,4,11,0,32.35,19.6,102719.06,0.0,4095.0,6.18,0
120,4,5,11,0,32.2,19.5,102763.565,0.0,4095.0,6.18,0
121,4,6,11,0,33.25,19.5,102824.815,141.0,3780.0,6.18,0
122,4,7,11,0,32.6,19.4,102889.435,52.0,3627.0,6.18,0
123,4,8,11,0,36.2,19.35,102966.175,208.0,2775.583333333333,6.18,0
124,4,9,11,0,37.5,18.8,102950.915,0.0,4095.0,6.18,0
125,4,10,11,0,37.7,18.4,102944.895,0.0,4095.0,6.18,0
126,4,11,11,0,37.15000000000001,18.15,102907.275,0.0,4095.0,6.18,0
127,4,12,11,0,36.45,18.0,102833.355,0.0,4095.0,6.18,0
128,4,13,11,0,37.4,17.799999999999994,102804.17,0.0,4095.0,6.18,0
129,4,14,11,0,37.4,17.7,102802.835,0.0,4095.0,6.18,0
130,4,15,11,0,36.1,17.6,102781.015,0.0,4095.0,6.18,0
131,4,16,11,0,39.2,17.6,102806.46,0.0,4095.0,6.18,0
132,4,17,11,0,39.55,17.5,102828.485,0.0,4095.0,6.18,0
133,4,18,11,0,39.7,17.45,102863.62,0.0,4095.0,6.18,0
134,4,19,11,0,37.45,17.4,102868.69,0.0,4095.0,6.18,0
135,4,20,11,0,39.0,17.4,102830.425,37.0,2974.666666666666,6.18,0
136,4,21,11,0,37.45,17.950000000000006,102863.46,3.0,2221.25,6.18,0
137,4,22,11,0,36.85,18.4,102848.265,148.0,3317.416666666666,6.18,0
138,4,23,11,0,36.95,18.55,102822.32,0.0,4095.0,6.18,0
139,5,0,11,1,36.6,18.8,102805.53,0.0,4095.0,6.58,0
140,5,1,11,1,34.95,19.05,102766.365,0.0,4095.0,6.58,0
141,5,2,11,1,35.0,19.25,102702.92,0.0,4095.0,6.58,0
142,5,3,11,1,35.7,19.35,102670.07,0.0,4095.0,6.58,0
143,5,4,11,1,36.2,19.6,102643.18,0.0,4095.0,6.58,0
144,5,5,11,1,36.7,19.75,102629.3,0.0,4095.0,6.58,0
145,5,6,11,1,38.65000000000001,19.9,102622.205,152.0,3722.916666666666,6.58,0
146,5,7,11,1,37.95,19.95,102606.065,99.0,3180.833333333333,6.58,0
147,5,8,11,1,41.5,20.2,102590.32,69.0,3419.25,6.58,0
148,5,9,11,1,43.2,19.9,102563.64,0.0,4089.5,6.58,0
149,5,10,11,1,44.2,19.75,102452.64,0.0,4089.583333333334,6.58,0
150,5,11,11,1,44.8,19.65,102351.0,0.0,4089.666666666666,6.58,0
151,5,12,11,1,45.05,19.55,102213.175,0.0,4095.0,6.58,0
152,5,13,11,1,45.35,19.55,102109.465,0.0,4095.0,6.58,0
153,5,14,11,1,44.3,19.45,102058.195,0.0,4095.0,6.58,0
154,5,15,11,1,44.1,19.4,102007.985,0.0,4095.0,6.58,0
155,5,16,11,1,43.8,19.3,101969.59,0.0,4095.0,6.58,0
156,5,17,11,1,43.85,19.2,101960.49,0.0,3651.416666666666,6.58,0
157,5,18,11,1,52.5,19.5,101933.25,57.0,2643.583333333333,6.58,0
158,5,19,11,1,47.0,19.950000000000006,101954.11,6.0,2228.6666666666665,6.58,0
159,5,20,11,1,43.35,20.25,101990.38,16.0,2233.083333333333,6.58,0
160,5,21,11,1,43.85,20.45,102049.86,56.0,2247.5,6.58,0
161,5,22,11,1,40.75,20.65,102097.16,128.0,2362.583333333333,6.58,0
162,5,23,11,1,42.25,20.85,102139.87,12.0,3240.25,6.58,0
163,6,0,11,2,41.7,20.95,102142.065,0.0,4095.0,6.61,2
164,6,1,11,2,40.2,20.95,102228.725,0.0,4095.0,6.61,2
165,6,2,11,2,39.5,20.95,102281.085,0.0,4095.0,6.61,2
166,6,3,11,2,39.45,20.9,102365.355,0.0,4095.0,6.61,2
167,6,4,11,2,38.35,20.9,102446.2,0.0,4095.0,6.61,2
168,6,5,11,2,37.55,20.8,102528.895,0.0,4095.0,6.61,2
169,6,6,11,2,36.45,20.75,102638.18,0.0,4095.0,6.61,2
170,6,7,11,2,35.8,20.7,102712.89,21.0,3766.75,6.61,2
171,6,8,11,2,37.05,20.6,102756.455,217.0,2226.333333333333,6.61,2
172,6,9,11,2,37.7,20.55,102758.18,73.0,3944.333333333334,6.61,2
173,6,10,11,2,37.85,20.0,102742.83,0.0,4095.0,6.61,2
174,6,11,11,2,37.7,19.6,102699.295,0.0,4095.0,6.61,2
175,6,12,11,2,38.45,19.35,102660.75,0.0,4095.0,6.61,2
176,6,13,11,2,36.5,19.05,102647.645,0.0,4095.0,6.61,2
177,6,14,11,2,36.65000000000001,18.8,102681.205,0.0,4095.0,6.61,2
178,6,15,11,2,36.85,18.65,102685.69,0.0,4095.0,6.61,2
179,6,16,11,2,37.3,18.45,102719.63,0.0,4095.0,6.61,2
180,6,17,11,2,37.05,18.25,102800.255,0.0,4095.0,6.61,2
181,6,18,11,2,37.45,18.1,102891.885,0.0,4095.0,6.61,2
182,6,19,11,2,37.55,17.95,102905.61,0.0,4095.0,6.61,2
183,6,20,11,2,31.8,17.8,102894.355,99.0,2347.75,6.61,2
184,6,21,11,2,43.90000000000001,19.35,101863.055,105.0,1951.6363636363642,6.61,2
185,6,22,11,2,41.55,18.95,101813.18,67.0,2977.75,6.61,2
186,6,23,11,2,39.0,18.85,101785.805,111.0,2304.9166666666665,6.61,2
187,7,0,11,3,39.9,19.0,101769.58,39.0,3038.0,7.23,2
188,7,1,11,3,39.85,19.0,101803.94,0.0,4095.0,7.23,2
189,7,2,11,3,39.0,19.0,101849.05,0.0,4095.0,7.23,2
190,7,3,11,3,38.5,19.15,101905.49,74.0,2973.666666666666,7.23,2
191,7,4,11,3,36.05,19.700000000000006,102003.755,178.0,2050.25,7.23,2
192,7,5,11,3,42.95,19.9,102098.385,181.0,2068.333333333333,7.23,2
193,7,6,11,3,43.0,22.85,102162.555,180.0,2080.9166666666665,7.23,2
194,7,7,11,3,42.8,23.15,102234.92,216.0,2072.75,7.23,2
195,7,8,11,3,44.6,21.7,102316.9,29.0,2141.833333333333,7.23,2
196,7,9,11,3,36.3,20.35,102361.48,32.0,2267.833333333333,7.23,2
197,7,10,11,3,35.4,20.2,102413.25,144.0,3355.5,7.23,2
198,7,11,11,3,33.75,20.15,102480.355,0.0,4095.0,7.23,2
199,7,12,11,3,33.75,20.0,102526.615,0.0,4095.0,7.23,2
200,7,13,11,3,33.65000000000001,19.9,102602.835,9.0,4095.0,7.23,2
201,7,14,11,3,33.4,19.8,102629.695,0.0,4095.0,7.23,2
202,7,15,11,3,33.1,19.65,102702.825,0.0,4095.0,7.23,2
203,7,16,11,3,32.05,19.55,102742.955,0.0,4095.0,7.23,2
204,7,17,11,3,33.3,19.5,102783.565,10.0,4095.0,7.23,2
205,7,18,11,3,32.3,19.4,102862.085,131.0,3780.0,7.23,2
206,7,19,11,3,34.3,19.45,102933.39,132.0,2984.5,7.23,2
207,7,20,11,3,36.4,19.1,102964.455,128.0,3418.083333333333,7.23,2
208,7,21,11,3,38.5,18.6,102947.085,0.0,4095.0,7.23,2
209,7,22,11,3,37.0,18.25,102930.97,0.0,4095.0,7.23,2
210,7,23,11,3,36.8,18.1,102873.685,0.0,4095.0,7.23,2
211,8,0,11,4,36.95,17.9,102809.975,0.0,4095.0,6.25,1
212,8,1,11,4,37.4,17.7,102802.355,0.0,4095.0,6.25,1
213,8,2,11,4,36.75,17.65,102789.695,0.0,4095.0,6.25,1
214,8,3,11,4,37.6,17.6,102789.205,0.0,4095.0,6.25,1
215,8,4,11,4,39.4,17.6,102819.875,0.0,4095.0,6.25,1
216,8,5,11,4,39.65000000000001,17.4,102850.725,0.0,4095.0,6.25,1
217,8,6,11,4,38.55,17.45,102863.37,0.0,4095.0,6.25,1
218,8,7,11,4,38.55,17.4,102855.98,0.0,4095.0,6.25,1
219,8,8,11,4,38.3,17.6,102837.995,40.0,2350.0,6.25,1
220,8,9,11,4,36.75,18.200000000000006,102862.975,52.0,2227.1666666666665,6.25,1
221,8,10,11,4,36.95,18.5,102833.43,96.0,3936.166666666666,6.25,1
222,8,11,11,4,36.8,18.700000000000006,102814.395,0.0,4095.0,6.25,1
223,8,12,11,4,35.7,18.9,102786.32,0.0,4095.0,6.25,1
224,8,13,11,4,35.0,19.15,102743.31,0.0,4095.0,6.25,1
225,8,14,11,4,35.45,19.3,102677.435,0.0,4095.0,6.25,1
226,8,15,11,4,35.8,19.5,102655.285,0.0,4095.0,6.25,1
227,8,16,11,4,36.45,19.65,102633.11,0.0,4095.0,6.25,1
228,8,17,11,4,37.7,19.8,102627.985,0.0,4095.0,6.25,1
229,8,18,11,4,37.90000000000001,19.95,102611.53,161.0,3663.083333333334,6.25,1
230,8,19,11,4,39.7,20.1,102602.74,154.0,2616.25,6.25,1
231,8,20,11,4,42.65,20.1,102586.01,5.0,4043.666666666666,6.25,1
232,8,21,11,4,43.7,19.8,102508.545,0.0,4089.5,6.25,1
233,8,22,11,4,44.6,19.7,102411.655,0.0,4089.583333333334,6.25,1
234,8,23,11,4,44.95,19.6,102290.345,0.0,4089.666666666666,6.25,1
235,9,0,11,5,45.2,19.55,102138.855,0.0,4095.0,7.85,0
236,9,1,11,5,44.85,19.5,102086.32,0.0,4095.0,7.85,0
237,9,2,11,5,44.25,19.4,102029.785,0.0,4095.0,7.85,0
238,9,3,11,5,43.95,19.35,101993.79,0.0,4095.0,7.85,0
239,9,4,11,5,43.7,19.25,101948.215,0.0,4095.0,7.85,0
240,9,5,11,5,48.25,19.3,101957.455,0.0,3437.416666666666,7.85,0
241,9,6,11,5,49.1,19.700000000000006,101935.625,57.0,2235.0,7.85,0
242,9,7,11,5,45.75,20.15,101970.605,22.0,2229.083333333333,7.85,0
243,9,8,11,5,42.2,20.35,102017.31,0.0,2235.5,7.85,0
244,9,9,11,5,43.75,20.55,102070.45,106.0,2259.1666666666665,7.85,0
245,9,10,11,5,41.0,20.75,102125.64,78.0,2400.4166666666665,7.85,0
246,9,11,11,5,41.6,20.9,102141.555,12.0,3810.5,7.85,0
247,9,12,11,5,41.75,20.95,102183.65,0.0,4095.0,7.85,0
248,9,13,11,5,39.95,20.95,102254.735,0.0,4095.0,7.85,0
249,9,14,11,5,39.5,20.95,102311.7,0.0,4095.0,7.85,0
250,9,15,11,5,39.25,20.9,102417.77,0.0,4095.0,7.85,0
251,9,16,11,5,37.6,20.85,102478.125,0.0,4095.0,7.85,0
252,9,17,11,5,37.35,20.8,102591.18,0.0,4095.0,7.85,0
253,9,18,11,5,35.7,20.7,102671.34,0.0,4095.0,7.85,0
254,9,19,11,5,35.7,20.65,102747.805,60.0,3130.916666666666,7.85,0
255,9,20,11,5,38.40000000000001,20.65,102756.935,251.0,2711.5,7.85,0
256,9,21,11,5,37.25,20.25,102751.27,0.0,4095.0,7.85,0
257,9,22,11,5,38.4,19.8,102725.21,0.0,4095.0,7.85,0
258,9,23,11,5,37.75,19.45,102681.725,0.0,4095.0,7.85,0
259,10,0,11,6,37.4,19.200000000000006,102639.045,0.0,4095.0,6.15,0
260,10,1,11,6,36.6,18.9,102667.235,0.0,4095.0,6.15,0
261,10,2,11,6,36.75,18.75,102683.36,0.0,4095.0,6.15,0
262,10,3,11,6,36.9,18.55,102703.845,0.0,4095.0,6.15,0
263,10,4,11,6,37.3,18.35,102751.075,0.0,4095.0,6.15,0
264,10,5,11,6,37.3,18.15,102850.185,0.0,4095.0,6.15,0
265,10,6,11,6,37.5,18.05,102910.31,0.0,4095.0,6.15,0
266,10,7,11,6,34.65,17.85,102895.77,60.0,3602.833333333333,6.15,0
267,10,8,11,6,31.9,17.8,102894.26,54.0,2214.444444444445,6.15,0
268,11,12,11,0,33.1,21.8,102013.98,48.0,2721.5,7.83,0
269,11,13,11,0,32.8,21.0,101994.835,23.0,3933.666666666666,7.83,0
270,11,14,11,0,30.7,21.0,101950.225,0.0,4095.0,7.83,0
271,11,15,11,0,29.45,20.95,101916.52,0.0,4095.0,7.83,0
272,11,16,11,0,30.0,21.0,101868.92,0.0,4095.0,7.83,0
273,11,17,11,0,30.85,21.1,101834.935,0.0,4095.0,7.83,0
274,11,18,11,0,29.05,21.05,101764.945,0.0,4095.0,7.83,0
275,11,19,11,0,32.1,21.2,101712.69,0.0,4095.0,7.83,0
276,11,20,11,0,33.0,21.25,101658.205,47.0,3123.75,7.83,0
277,11,21,11,0,32.5,21.3,101572.355,82.0,2318.0,7.83,0
278,11,22,11,0,31.3,21.200000000000006,101487.97,12.0,4095.0,7.83,0
279,11,23,11,0,28.15,20.95,101417.7,0.0,4095.0,7.83,0
280,12,0,11,1,29.8,20.85,101308.985,0.0,4095.0,7.55,0
281,12,1,11,1,31.0,20.700000000000006,101104.265,36.0,4095.0,7.55,0
282,12,2,11,1,29.1,20.55,101007.3,0.0,4095.0,7.55,0
283,12,3,11,1,28.9,20.35,100931.215,0.0,4095.0,7.55,0
284,12,4,11,1,28.6,20.2,100850.935,0.0,4095.0,7.55,0
285,12,5,11,1,29.35,20.15,100823.265,0.0,4095.0,7.55,0
286,12,6,11,1,28.25,19.95,100654.85,0.0,4095.0,7.55,0
287,12,7,11,1,29.7,19.9,100733.33,66.0,3239.0,7.55,0
288,12,8,11,1,35.6,20.05,100666.825,178.0,2451.4166666666665,7.55,0
289,12,9,11,1,34.2,19.8,100720.435,0.0,4095.0,7.55,0
290,12,10,11,1,34.2,19.65,100738.36,0.0,4095.0,7.55,0
291,12,11,11,1,33.55,19.55,100749.645,0.0,4095.0,7.55,0
292,12,12,11,1,32.9,19.5,100860.145,0.0,4095.0,7.55,0
293,12,13,11,1,29.6,19.25,100965.265,0.0,4095.0,7.55,0
294,12,14,11,1,25.4,19.2,101106.44,0.0,4095.0,7.55,0
295,12,15,11,1,21.6,18.95,101208.605,0.0,4095.0,7.55,0
296,12,16,11,1,21.8,18.8,101312.405,116.0,2418.833333333333,7.55,0
297,12,17,11,1,19.8,18.65,101393.73,0.0,2098.1666666666665,7.55,0
298,12,18,11,1,19.65,18.4,101478.42,15.0,2101.333333333333,7.55,0
299,12,19,11,1,19.6,18.15,101513.55,10.0,2101.5,7.55,0
300,12,20,11,1,19.15,18.0,101599.505,7.0,2101.5,7.55,0
301,12,21,11,1,18.7,17.75,101669.18,8.0,2102.1666666666665,7.55,0
302,12,22,11,1,18.4,17.450000000000006,101724.92,0.0,2105.5,7.55,0
303,12,23,11,1,18.6,17.200000000000006,101786.46,39.0,2472.583333333333,7.55,0
304,13,0,11,2,18.45,16.95,101824.285,0.0,4095.0,6.51,1
305,13,1,11,2,18.1,16.7,101848.765,0.0,4095.0,6.51,1
306,13,2,11,2,17.9,16.35,101874.155,0.0,4095.0,6.51,1
307,13,3,11,2,17.6,16.15,101955.075,0.0,4095.0,6.51,1
308,13,4,11,2,17.5,15.85,102015.855,0.0,4095.0,6.51,1
309,13,5,11,2,17.3,15.55,102088.18,0.0,4095.0,6.51,1
310,13,6,11,2,17.1,15.3,102170.525,0.0,4095.0,6.51,1
311,13,7,11,2,17.35,15.1,102264.57,83.0,3235.0,6.51,1
312,13,8,11,2,17.299999999999994,14.85,102354.205,0.0,2066.4166666666665,6.51,1
313,13,9,11,2,16.85,14.65,102390.9,40.0,2073.583333333333,6.51,1
314,13,10,11,2,16.75,14.45,102385.425,0.0,2070.9166666666665,6.51,1
315,13,11,11,2,17.1,14.25,102391.26,34.0,2072.9166666666665,6.51,1
316,13,12,11,2,19.5,14.3,102439.13,117.0,2252.25,6.51,1
317,13,13,11,2,18.5,14.2,102539.485,16.0,3932.666666666666,6.51,1
318,13,14,11,2,17.450000000000006,14.1,102638.83,0.0,4095.0,6.51,1
319,13,15,11,2,17.5,14.05,102740.36,0.0,4095.0,6.51,1
320,13,16,11,2,17.25,14.1,102807.24,0.0,4095.0,6.51,1
321,13,17,11,2,17.4,14.0,102902.5,30.0,3653.333333333334,6.51,1
322,13,18,11,2,17.6,14.1,103037.295,55.0,2062.0,6.51,1
323,13,19,11,2,17.6,14.2,103103.76,15.0,2078.0,6.51,1
324,13,20,11,2,17.7,14.2,103162.765,52.0,2078.583333333333,6.51,1
325,13,21,11,2,18.15,14.25,103219.865,25.0,2084.333333333333,6.51,1
326,13,22,11,2,18.4,14.3,103231.525,79.0,3077.416666666666,6.51,1
327,13,23,11,2,18.3,14.35,103275.69,25.0,2093.75,6.51,1
328,14,0,11,3,18.450000000000006,14.35,103303.03,85.0,2127.25,6.17,0
329,14,1,11,3,18.3,14.3,103315.665,0.0,4095.0,6.17,0
330,14,2,11,3,18.3,14.2,103296.775,0.0,4095.0,6.17,0
331,14,3,11,3,17.9,14.15,103328.715,0.0,4095.0,6.17,0
332,14,4,11,3,18.1,14.05,103348.285,0.0,4095.0,6.17,0
333,14,5,11,3,18.1,14.0,103364.195,0.0,4095.0,6.17,0
334,14,6,11,3,18.1,13.95,103371.535,0.0,4095.0,6.17,0
335,14,7,11,3,18.6,13.85,103397.33,0.0,4095.0,6.17,0
336,14,8,11,3,19.1,14.05,103429.63,80.0,2399.5,6.17,0
337,14,9,11,3,25.45000000000001,14.15,103388.58,57.0,2059.75,6.17,0
338,14,10,11,3,32.2,14.6,103298.29,101.0,2924.583333333333,6.17,0
339,14,11,11,3,29.20000000000001,14.65,103180.65,0.0,4024.833333333334,6.17,0
340,14,12,11,3,30.9,14.75,103104.705,0.0,4021.833333333334,6.17,0
341,14,13,11,3,29.3,15.05,103050.785,0.0,4070.666666666666,6.17,0
342,14,14,11,3,28.45000000000001,15.3,102989.565,0.0,4095.0,6.17,0
343,14,15,11,3,25.6,15.55,102930.935,0.0,4095.0,6.17,0
344,14,16,11,3,25.95000000000001,15.8,102884.61,0.0,4095.0,6.17,0
345,14,17,11,3,25.20000000000001,15.95,102832.8,0.0,4095.0,6.17,0
346,14,18,11,3,24.9,16.200000000000006,102736.1,0.0,4095.0,6.17,0
347,14,19,11,3,24.9,16.4,102677.53,65.0,2893.416666666666,6.17,0
348,14,20,11,3,29.85,16.950000000000006,102676.09,23.0,2254.6666666666665,6.17,0
349,14,21,11,3,27.65,16.7,102624.945,72.0,3950.833333333334,6.17,0
350,14,22,11,3,29.55,16.85,102594.175,33.0,2628.083333333333,6.17,0
351,14,23,11,3,27.6,17.0,102560.07,0.0,2337.5,6.17,0
352,15,0,11,4,25.5,17.2,102514.155,36.0,3656.916666666666,6.16,1
353,15,1,11,4,27.15,17.25,102474.37,0.0,4095.0,6.16,1
354,15,2,11,4,23.65,17.5,102407.415,0.0,4095.0,6.16,1
355,15,3,11,4,25.25,17.55,102375.24,0.0,4095.0,6.16,1
356,15,4,11,4,23.25,17.6,102386.645,0.0,4095.0,6.16,1
357,15,5,11,4,25.8,17.6,102363.43,0.0,4095.0,6.16,1
358,15,6,11,4,26.1,17.55,102346.885,3.0,4095.0,6.16,1
359,15,7,11,4,26.65,17.55,102338.455,0.0,4095.0,6.16,1
360,15,8,11,4,26.6,17.700000000000006,102286.65,58.0,3335.333333333333,6.16,1
361,15,9,11,4,28.65,17.85,102192.755,115.0,2330.5,6.16,1
362,15,10,11,4,32.55,18.0,102079.11,43.0,2229.6666666666665,6.16,1
363,15,11,11,4,32.849999999999994,18.15,101973.335,13.0,2133.083333333333,6.16,1
364,15,12,11,4,36.0,18.35,101901.23,19.0,2135.4166666666665,6.16,1
365,15,13,11,4,37.2,19.0,101881.95,55.0,2129.0,6.16,1
366,15,14,11,4,36.1,19.05,101833.54,21.0,2131.583333333333,6.16,1
367,15,15,11,4,34.6,19.2,101827.73,21.0,2139.4,6.16,1
368,16,9,11,5,17.325,17.7,103417.2775,43.0,3831.583333333334,6.16,0
369,16,10,11,5,16.875,16.95,103412.78,132.0,3515.166666666666,6.16,0
370,16,11,11,5,16.425,16.675,103357.3,0.0,4095.0,6.16,0
371,16,12,11,5,16.225,16.45,103317.1125,0.0,4095.0,6.16,0
372,16,13,11,5,15.775,16.325,103275.7075,0.0,4095.0,6.16,0
373,16,14,11,5,15.65,16.225,103244.12,27.0,3614.583333333334,6.16,0
374,16,15,11,5,15.925,16.175,103253.615,72.0,2905.333333333333,6.16,0
375,16,16,11,5,22.25,16.125,103330.8975,16.0,2270.833333333333,6.16,0
376,16,17,11,5,29.675,16.35,103396.4075,76.0,2296.25,6.16,0
377,16,18,11,5,20.325,16.25,103415.4825,42.0,2302.333333333333,6.16,0
378,16,19,11,5,19.525,16.150000000000002,103446.49,8.0,2317.833333333333,6.16,0
379,16,20,11,5,18.925,16.075000000000006,103461.36,0.0,2315.0,6.16,0
380,16,21,11,5,18.725,15.95,103447.87,18.0,2313.9166666666665,6.16,0
381,16,22,11,5,18.5,15.975,103445.56,16.0,2532.25,6.16,0
382,16,23,11,5,17.8,15.7,103394.8125,0.0,2601.1666666666665,6.16,0
383,17,0,11,6,17.575,15.5,103329.7925,63.0,3476.833333333333,6.16,0
384,17,1,11,6,17.4,15.4,103302.5375,0.0,4095.0,6.16,0
385,17,2,11,6,17.4,15.25,103290.7725,0.0,4095.0,6.16,0
386,17,3,11,6,17.4,15.1,103270.57,0.0,4095.0,6.16,0
387,17,4,11,6,17.375,14.925,103287.0,0.0,4095.0,6.16,0
388,17,5,11,6,17.3,14.75,103236.38,0.0,4095.0,6.16,0
389,17,6,11,6,17.275,14.625,103233.79,0.0,4095.0,6.16,0
390,17,7,11,6,17.625,14.5,103233.025,0.0,4095.0,6.16,0
391,17,8,11,6,17.725,14.475,103239.0675,0.0,4095.0,6.16,0
392,17,9,11,6,17.775,14.525,103235.3025,0.0,4095.0,6.16,0
393,17,10,11,6,17.975,14.525,103154.4675,53.0,3471.25,6.16,0
394,17,11,11,6,18.975,14.775,103036.6075,28.0,2280.333333333333,6.16,0
395,17,12,11,6,29.625,15.0,102938.785,109.0,2916.166666666666,6.16,0
396,17,13,11,6,28.1,14.975,102865.1975,0.0,4095.0,6.16,0
397,17,14,11,6,21.875,14.975,102803.8175,0.0,4095.0,6.16,0
398,17,15,11,6,23.55,15.075,102742.8,175.0,3396.416666666666,6.16,0
399,17,16,11,6,20.950000000000006,15.25,102664.315,0.0,4095.0,6.16,0
400,17,17,11,6,20.6,15.3,102623.1975,0.0,4095.0,6.16,0
401,17,18,11,6,20.6,15.35,102554.39,0.0,4095.0,6.16,0
402,17,19,11,6,20.475,15.4,102484.4925,0.0,4095.0,6.16,0
403,17,20,11,6,20.2,15.5,102398.335,69.0,3181.25,6.16,0
404,17,21,11,6,20.5,15.75,102284.705,0.0,2312.6666666666665,6.16,0
405,17,22,11,6,21.525,15.9,102199.1475,56.0,3260.833333333333,6.16,0
406,17,23,11,6,21.5,15.975,102106.65,0.0,4095.0,6.16,0
407,18,0,11,0,20.825000000000006,16.0,102017.91,0.0,4095.0,7.55,0
408,18,1,11,0,20.65,15.975,101939.43,0.0,4095.0,7.55,0
409,18,2,11,0,20.6,16.0,101821.7925,0.0,4095.0,7.55,0
410,18,3,11,0,20.575000000000006,16.0,101748.695,0.0,4095.0,7.55,0
411,18,4,11,0,20.525,15.925,101696.2775,0.0,4095.0,7.55,0
412,18,5,11,0,20.4,15.9,101602.1775,0.0,4095.0,7.55,0
413,18,6,11,0,20.525,15.925,101584.1475,115.0,3868.666666666666,7.55,0
414,18,7,11,0,21.775,15.9,101532.9075,88.0,3022.666666666666,7.55,0
415,18,8,11,0,33.075,16.15,101448.3675,109.0,2620.5,7.55,0
416,18,9,11,0,32.8,16.125,101338.74000000002,0.0,4095.0,7.55,0
417,18,10,11,0,30.4,16.075000000000006,101209.1975,0.0,4095.0,7.55,0
418,18,11,11,0,30.225,16.075000000000006,101084.42,0.0,4095.0,7.55,0
419,18,12,11,0,29.85,16.2,100977.945,0.0,4095.0,7.55,0
420,18,13,11,0,28.95000000000001,16.275,100857.63999999998,0.0,4095.0,7.55,0
421,18,14,11,0,26.975,16.35,100765.06,0.0,4095.0,7.55,0
422,18,15,11,0,27.55,16.45,100732.39,0.0,4095.0,7.55,0
423,18,16,11,0,27.925,16.525,100716.8875,0.0,4095.0,7.55,0
424,18,17,11,0,29.8,16.675,100689.085,47.0,3501.583333333333,7.55,0
425,18,18,11,0,32.1,16.975,100647.9525,110.0,2777.833333333333,7.55,0
426,18,19,11,0,30.325,16.9,100618.5675,0.0,4095.0,7.55,0
427,18,20,11,0,30.775,16.85,100649.1275,9.0,3342.416666666666,7.55,0
428,18,21,11,0,31.575,17.025,100602.84,0.0,2339.25,7.55,0
429,18,22,11,0,31.925,17.125,100522.945,61.0,2397.083333333333,7.55,0
430,18,23,11,0,32.075,17.3,100568.59,5.0,3972.75,7.55,0
431,19,0,11,1,32.025,17.325000000000006,100647.7475,0.0,4095.0,6.25,0
432,19,1,11,1,31.6,17.475,100668.9575,0.0,4095.0,6.25,0
433,19,2,11,1,31.525,17.6,100687.3425,0.0,4095.0,6.25,0
434,19,3,11,1,31.025,17.724999999999994,100702.61,0.0,4095.0,6.25,0
435,19,4,11,1,31.2,17.85,100748.1975,0.0,4095.0,6.25,0
436,19,5,11,1,31.575,17.924999999999994,100801.0825,0.0,4095.0,6.25,0
437,19,6,11,1,32.025,18.025,100836.245,62.0,3818.75,6.25,0
438,19,7,11,1,32.099999999999994,18.175,100879.8075,61.0,3398.916666666666,6.25,0
439,19,8,11,1,38.775,18.45,100869.0775,57.0,3435.5,6.25,0
440,19,9,11,1,37.025,18.325000000000006,100881.5375,0.0,4095.0,6.25,0
441,19,10,11,1,35.975,18.375,100880.7925,0.0,4095.0,6.25,0
442,19,11,11,1,34.95,18.525,100860.0175,0.0,4095.0,6.25,0
443,19,12,11,1,35.1,18.625,100862.3425,0.0,4095.0,6.25,0
444,19,13,11,1,34.675,18.8,100860.155,0.0,4095.0,6.25,0
445,19,14,11,1,33.4,18.9,100895.8175,0.0,4095.0,6.25,0
446,19,15,11,1,33.349999999999994,18.95,100954.5775,0.0,4095.0,6.25,0
447,19,16,11,1,32.974999999999994,19.1,101063.4225,0.0,4095.0,6.25,0
448,19,17,11,1,32.625,19.175,101159.4275,0.0,4095.0,6.25,0
449,19,18,11,1,32.45,19.275,101182.8575,13.0,3786.25,6.25,0
450,19,19,11,1,35.0,19.55,101220.17,55.0,3574.25,6.25,0
451,19,20,11,1,33.85,19.55,101217.9575,0.0,4095.0,6.25,0
452,19,21,11,1,33.3,19.575000000000006,101236.8175,32.0,3077.333333333333,6.25,0
453,19,22,11,1,33.375,19.6,101221.18,53.0,3008.5,6.25,0
454,19,23,11,1,33.475,19.700000000000006,101167.57,0.0,4095.0,6.25,0
455,20,0,11,2,33.125,19.725,101161.19,0.0,4095.0,6.37,1
456,20,1,11,2,32.300000000000004,19.75,101180.145,0.0,4095.0,6.37,1
457,20,2,11,2,32.225,19.7,101146.1,0.0,4095.0,6.37,1
458,20,3,11,2,31.82500000000001,19.725,101165.6825,0.0,4095.0,6.37,1
459,20,4,11,2,32.0,19.75,101205.0725,0.0,4095.0,6.37,1
460,20,5,11,2,31.925,19.675,101253.1825,0.0,4095.0,6.37,1
461,20,6,11,2,32.075,19.65,101290.77,108.0,3594.166666666666,6.37,1
462,20,7,11,2,31.675,19.6,101310.175,0.0,4095.0,6.37,1
463,20,8,11,2,34.325,19.575,101363.6375,48.0,3160.666666666666,6.37,1
464,20,9,11,2,39.175,19.775,101406.335,40.0,3286.833333333333,6.37,1
465,20,10,11,2,37.0,19.575000000000006,101387.6425,0.0,4095.0,6.37,1
466,20,11,11,2,35.15,19.5,101339.22,0.0,4095.0,6.37,1
467,21,8,11,3,25.8,20.3,102156.69,52.0,2900.5,6.3,1
468,21,9,11,3,25.65,18.9,102172.68,14.0,4095.0,6.3,1
469,21,10,11,3,23.55,18.8,102106.95,0.0,4095.0,6.3,1
470,21,11,11,3,23.8,18.8,102047.11,0.0,4095.0,6.3,1
471,21,12,11,3,25.65,18.9,101934.0,0.0,4095.0,6.3,1
472,21,13,11,3,25.5,19.0,101935.725,0.0,4095.0,6.3,1
473,21,14,11,3,25.15,19.1,101917.79,0.0,4095.0,6.3,1
474,21,15,11,3,25.3,19.2,101948.565,0.0,4095.0,6.3,1
475,21,16,11,3,25.85,19.4,101931.645,0.0,4095.0,6.3,1
476,21,17,11,3,24.55,19.45,101936.695,0.0,4095.0,6.3,1
477,21,18,11,3,23.55,19.6,101928.62,0.0,4095.0,6.3,1
478,21,19,11,3,23.7,19.65,101884.15,0.0,4095.0,6.3,1
479,21,20,11,3,23.65,19.7,101799.9,0.0,4095.0,6.3,1
480,21,21,11,3,24.75,19.75,101738.67,13.0,3938.0,6.3,1
481,21,22,11,3,22.45,19.8,101712.555,0.0,4095.0,6.3,1
482,21,23,11,3,22.6,19.85,101578.015,0.0,4095.0,6.3,1
483,22,0,11,4,25.2,19.8,101470.06,0.0,4095.0,6.71,0
484,22,1,11,4,26.1,19.85,101405.035,0.0,4095.0,6.71,0
485,22,2,11,4,24.45,19.9,101314.98,0.0,4095.0,6.71,0
486,22,3,11,4,27.3,20.05,101166.775,0.0,4095.0,6.71,0
487,22,4,11,4,28.75,20.15,101057.485,0.0,4095.0,6.71,0
488,22,5,11,4,28.3,20.15,100989.315,0.0,4095.0,6.71,0
489,22,6,11,4,28.0,20.35,100928.69,0.0,4095.0,6.71,0
490,22,7,11,4,28.3,20.45,100845.59,0.0,4095.0,6.71,0
491,22,8,11,4,29.5,20.6,100687.615,0.0,4095.0,6.71,0
492,22,9,11,4,31.25,20.65,100570.81,0.0,4095.0,6.71,0
493,22,10,11,4,31.4,20.85,100451.855,0.0,4095.0,6.71,0
494,22,11,11,4,31.4,20.95,100283.595,0.0,4095.0,6.71,0
495,22,12,11,4,31.4,21.05,100187.86,0.0,4095.0,6.71,0
496,22,13,11,4,30.4,21.1,100254.8,0.0,4095.0,6.71,0
497,22,14,11,4,29.55,21.25,100356.46,0.0,4095.0,6.71,0
498,22,15,11,4,29.65,21.35,100275.86,0.0,4095.0,6.71,0
499,22,16,11,4,25.0,21.2,100355.8,0.0,4095.0,6.71,0
500,22,17,11,4,21.0,21.1,100464.75,0.0,4095.0,6.71,0
501,22,18,11,4,20.8,21.1,100552.27,0.0,4095.0,6.71,0
502,22,19,11,4,20.0,20.9,100664.975,0.0,4095.0,6.71,0
503,22,20,11,4,19.8,20.7,100792.79,0.0,4095.0,6.71,0
504,22,21,11,4,19.6,20.45,100843.235,0.0,4095.0,6.71,0
505,22,22,11,4,18.9,20.3,100958.195,0.0,4095.0,6.71,0
506,22,23,11,4,18.65,20.0,101064.385,0.0,4095.0,6.71,0
507,23,0,11,5,18.5,19.75,101148.71,0.0,4095.0,6.5,0
508,23,1,11,5,18.3,19.6,101233.32,0.0,4095.0,6.5,0
509,23,2,11,5,18.25,19.55,101270.595,0.0,4095.0,6.5,0
510,23,3,11,5,18.2,19.35,101340.625,0.0,4095.0,6.5,0
511,23,4,11,5,18.15,19.200000000000006,101403.39,0.0,4095.0,6.5,0
512,23,5,11,5,17.950000000000006,19.1,101470.11,0.0,4095.0,6.5,0
513,23,6,11,5,17.950000000000006,18.95,101487.64,0.0,4095.0,6.5,0
514,23,7,11,5,17.8,18.85,101521.455,0.0,4095.0,6.5,0
515,23,8,11,5,17.75,18.6,101525.68,0.0,4095.0,6.5,0
516,23,9,11,5,17.65,18.55,101520.67,0.0,4095.0,6.5,0
517,23,10,11,5,17.6,18.55,101452.575,0.0,4095.0,6.5,0
518,23,11,11,5,17.6,18.5,101376.2,0.0,4095.0,6.5,0
519,23,12,11,5,17.5,18.5,101321.505,0.0,4095.0,6.5,0
520,23,13,11,5,17.5,18.55,101300.76,0.0,4095.0,6.5,0
521,23,14,11,5,17.5,18.65,101276.0,0.0,4095.0,6.5,0
522,23,15,11,5,17.55,18.8,101234.13,0.0,4095.0,6.5,0
523,23,16,11,5,17.6,18.85,101269.945,0.0,4095.0,6.5,0
524,23,17,11,5,18.0,18.95,101284.385,0.0,4095.0,6.5,0
525,23,18,11,5,17.950000000000006,19.05,101260.4,0.0,4095.0,6.5,0
526,23,19,11,5,17.8,19.1,101167.04,0.0,4095.0,6.5,0
527,23,20,11,5,18.0,19.15,101146.275,0.0,4095.0,6.5,0
528,23,21,11,5,18.0,19.25,101061.325,0.0,4095.0,6.5,0
529,23,22,11,5,18.0,19.25,100990.17,0.0,4095.0,6.5,0
530,23,23,11,5,18.0,19.3,100904.02,0.0,4095.0,6.5,0
531,24,0,11,6,18.0,19.3,100820.105,0.0,4095.0,6.0,0
532,24,1,11,6,18.05,19.3,100777.36,0.0,4095.0,6.0,0
533,24,2,11,6,18.1,19.450000000000006,100706.87,0.0,4095.0,6.0,0
534,24,3,11,6,18.2,19.35,100634.46,0.0,4095.0,6.0,0
535,24,4,11,6,18.1,19.3,100472.36,0.0,4095.0,6.0,0
536,24,5,11,6,18.1,19.25,100356.715,0.0,4095.0,6.0,0
537,24,6,11,6,18.4,19.2,100216.175,11.0,3972.5,6.0,0
538,24,7,11,6,18.6,19.3,100084.115,16.0,4035.5,6.0,0
539,24,8,11,6,18.7,19.25,99955.745,6.0,4095.0,6.0,0
540,24,9,11,6,19.450000000000006,19.25,99764.095,20.0,4032.166666666666,6.0,0
541,24,10,11,6,20.8,19.3,99515.6,9.0,3028.083333333333,6.0,0
542,24,11,11,6,23.0,19.5,99208.94,0.0,2335.1666666666665,6.0,0
543,24,12,11,6,31.45,19.55,98893.57,78.0,2358.833333333333,6.0,0
544,24,13,11,6,29.55,19.6,98765.455,3.0,4095.0,6.0,0
545,24,14,11,6,25.4,19.6,98678.52,0.0,4095.0,6.0,0
546,24,15,11,6,23.3,19.35,98618.795,12.0,3633.75,6.0,0
547,24,16,11,6,27.2,19.3,98705.185,51.0,2342.75,6.0,0
548,24,17,11,6,32.05,19.45,98806.215,32.0,2353.1666666666665,6.0,0
549,24,18,11,6,32.15000000000001,19.7,98901.53,192.0,2519.75,6.0,0
550,24,19,11,6,32.7,19.55,99014.185,42.0,2558.4166666666665,6.0,0
551,24,20,11,6,30.5,19.45,99163.265,22.0,3226.333333333333,6.0,0
552,24,21,11,6,28.55,19.4,99319.585,0.0,4095.0,6.0,0
553,24,22,11,6,28.35,19.35,99487.19,0.0,4095.0,6.0,0
554,24,23,11,6,28.15,19.3,99611.225,0.0,4095.0,6.0,0
555,25,0,11,0,28.05,19.35,99729.85,0.0,4095.0,6.0,0
556,25,1,11,0,27.6,19.35,99916.365,0.0,4095.0,6.0,0
557,25,2,11,0,27.15,19.25,100071.535,0.0,4095.0,6.0,0
558,25,3,11,0,26.8,19.3,100214.43,0.0,4095.0,6.0,0
559,25,4,11,0,26.3,19.3,100358.055,0.0,4095.0,6.0,0
560,25,5,11,0,25.85,19.25,100463.73,0.0,4095.0,6.0,0
561,25,6,11,0,24.25,19.3,100564.55,43.0,3813.0,6.0,0
562,25,7,11,0,33.0,19.3,100654.86,45.0,3060.166666666666,6.0,0
563,25,8,11,0,33.0,19.5,100734.725,63.0,3530.333333333333,6.0,0
564,25,9,11,0,31.9,19.35,100779.33,0.0,4095.0,6.0,0
565,25,10,11,0,31.05,19.4,100768.36,0.0,4093.833333333334,6.0,0
566,25,11,11,0,31.0,19.4,100753.27,0.0,4095.0,6.0,0
567,26,13,11,1,35.95,22.0,101459.01,132.0,2321.5454545454545,7.25,1
568,26,14,11,1,39.85,21.4,101453.265,408.0,2896.666666666666,7.25,1
569,26,15,11,1,41.1,21.35,101458.515,0.0,4095.0,7.25,1
570,26,16,11,1,39.0,21.05,101501.92,0.0,4095.0,7.25,1
571,26,17,11,1,38.9,20.9,101552.35,0.0,4095.0,7.25,1
572,26,18,11,1,38.05,20.75,101652.08,0.0,4095.0,7.25,1
573,26,19,11,1,37.3,20.65,101733.175,0.0,4095.0,7.25,1
574,26,20,11,1,37.0,20.6,101786.45,0.0,4095.0,7.25,1
575,26,21,11,1,36.40000000000001,20.55,101804.79,0.0,4095.0,7.25,1
576,26,22,11,1,32.6,20.5,101841.49,0.0,4095.0,7.25,1
577,26,23,11,1,33.3,20.35,101846.07,0.0,4095.0,7.25,1
578,27,0,11,2,33.5,20.25,101848.935,0.0,4095.0,7.58,0
579,27,1,11,2,32.3,20.15,101909.735,0.0,4095.0,7.58,0
580,27,2,11,2,31.6,20.1,101939.4,0.0,4095.0,7.58,0
581,27,3,11,2,31.45,19.9,101938.15,0.0,4095.0,7.58,0
582,27,4,11,2,31.4,19.8,101916.95,0.0,4095.0,7.58,0
583,27,5,11,2,31.45,19.7,101942.94,0.0,4095.0,7.58,0
584,27,6,11,2,31.25,19.6,101938.36,0.0,4095.0,7.58,0
585,27,7,11,2,30.85,19.45,101913.76,0.0,4095.0,7.58,0
586,27,8,11,2,30.65,19.35,101901.125,0.0,4095.0,7.58,0
587,27,9,11,2,28.6,19.2,101792.04,0.0,4095.0,7.58,0
588,27,10,11,2,29.05,19.1,101624.235,0.0,4088.5,7.58,0
589,27,11,11,2,30.9,19.1,101538.195,0.0,4089.666666666666,7.58,0
590,27,12,11,2,31.05,19.1,101457.58,0.0,4095.0,7.58,0
591,27,13,11,2,31.1,19.15,101243.945,0.0,4095.0,7.58,0
592,27,14,11,2,31.2,19.15,101093.15,0.0,4095.0,7.58,0
593,27,15,11,2,31.35,19.2,100909.94,0.0,4095.0,7.58,0
594,27,16,11,2,32.25,19.2,100759.425,0.0,4095.0,7.58,0
595,27,17,11,2,32.349999999999994,19.25,100482.86,0.0,4095.0,7.58,0
596,27,18,11,2,32.8,19.25,100312.46,0.0,4095.0,7.58,0
597,27,19,11,2,32.95,19.3,100160.9,0.0,4095.0,7.58,0
598,27,20,11,2,33.05,19.3,99966.225,0.0,4095.0,7.58,0
599,27,21,11,2,33.1,19.4,99955.495,0.0,4095.0,7.58,0
600,27,22,11,2,33.2,19.4,99927.835,0.0,4095.0,7.58,0
601,27,23,11,2,33.5,19.4,99866.92,0.0,4095.0,7.58,0
602,28,0,11,3,33.4,19.4,99835.85,0.0,4095.0,8.5,0
603,28,1,11,3,33.4,19.35,99870.965,0.0,4095.0,8.5,0
604,28,2,11,3,33.25,19.3,99866.115,0.0,4095.0,8.5,0
605,28,3,11,3,33.05,19.3,99903.21,0.0,4095.0,8.5,0
606,28,4,11,3,32.8,19.2,99930.87,0.0,4095.0,8.5,0
607,28,5,11,3,31.9,19.1,99999.185,0.0,4095.0,8.5,0
608,28,6,11,3,31.3,19.0,100059.68,0.0,4095.0,8.5,0
609,28,7,11,3,31.3,18.95,100141.445,0.0,4095.0,8.5,0
610,28,8,11,3,31.3,18.8,100234.58,0.0,4095.0,8.5,0
611,28,9,11,3,31.3,18.75,100318.43,0.0,4095.0,8.5,0
612,28,10,11,3,31.35,18.55,100406.15,0.0,4095.0,8.5,0
613,28,11,11,3,31.15,18.5,100537.74,0.0,4095.0,8.5,0
614,28,12,11,3,31.1,18.35,100676.48,0.0,4095.0,8.5,0
615,28,13,11,3,31.05,18.3,100787.99,0.0,4095.0,8.5,0
616,28,14,11,3,30.25,18.2,100978.075,0.0,4095.0,8.5,0
617,28,15,11,3,25.45,18.1,101091.66,0.0,4095.0,8.5,0
618,28,16,11,3,25.5,18.0,101275.315,0.0,4095.0,8.5,0
619,28,17,11,3,22.25,17.85,101446.25,0.0,4095.0,8.5,0
620,28,18,11,3,21.9,17.700000000000006,101561.62,0.0,4095.0,8.5,0
621,28,19,11,3,21.3,17.45,101677.51,0.0,4095.0,8.5,0
622,28,20,11,3,20.8,17.299999999999994,101763.34,0.0,4095.0,8.5,0
623,28,21,11,3,20.45,17.05,101872.26,0.0,4095.0,8.5,0
624,28,22,11,3,20.35,16.95,101923.18,0.0,4095.0,8.5,0
625,28,23,11,3,20.2,16.75,101970.03,0.0,4095.0,8.5,0
626,29,0,11,4,20.15,16.5,101963.1,0.0,4095.0,6.32,0
627,29,1,11,4,20.1,16.35,102013.195,0.0,4095.0,6.32,0
628,29,2,11,4,19.9,16.2,101996.045,0.0,4095.0,6.32,0
629,29,3,11,4,19.8,16.0,101962.27,0.0,4095.0,6.32,0
630,29,4,11,4,19.7,15.9,102005.49,0.0,4095.0,6.32,0
631,29,5,11,4,19.6,15.75,102045.99,0.0,4095.0,6.32,0
632,29,6,11,4,19.6,15.65,102102.67,0.0,4095.0,6.32,0
633,29,7,11,4,19.5,15.6,102134.86,0.0,4095.0,6.32,0
634,29,8,11,4,19.4,15.45,102120.79,0.0,4095.0,6.32,0
635,29,9,11,4,19.3,15.3,102099.56,0.0,4095.0,6.32,0
636,29,10,11,4,19.2,15.3,102064.565,0.0,4095.0,6.32,0
637,29,11,11,4,19.1,15.3,101968.97,0.0,4095.0,6.32,0
638,29,12,11,4,19.1,15.25,101934.055,0.0,4095.0,6.32,0
639,29,13,11,4,19.25,15.2,101899.43,0.0,4095.0,6.32,0
640,29,14,11,4,19.0,15.2,101897.185,0.0,4095.0,6.32,0
641,29,15,11,4,19.0,15.2,101864.915,0.0,4095.0,6.32,0
642,29,16,11,4,19.0,15.25,101874.1,0.0,4095.0,6.32,0
643,29,17,11,4,18.9,15.25,101882.545,0.0,4095.0,6.32,0
644,29,18,11,4,18.9,15.2,101827.845,0.0,4095.0,6.32,0
645,29,19,11,4,18.7,15.2,101819.98,0.0,4095.0,6.32,0
646,29,20,11,4,18.5,15.2,101856.72,0.0,4095.0,6.32,0
647,29,21,11,4,18.35,15.05,101803.33,0.0,4095.0,6.32,0
648,29,22,11,4,18.15,15.0,101749.505,0.0,4095.0,6.32,0
649,29,23,11,4,17.95,14.95,101686.16,0.0,4095.0,6.32,0
650,30,0,11,5,17.75,14.7,101647.295,0.0,4095.0,7.55,0
651,30,1,11,5,17.450000000000006,14.75,101657.61,0.0,4095.0,7.55,0
652,30,2,11,5,17.2,14.45,101608.765,0.0,4095.0,7.55,0
653,30,3,11,5,17.1,14.3,101635.02,0.0,4095.0,7.55,0
654,30,4,11,5,17.1,14.15,101604.03,0.0,4095.0,7.55,0
655,30,5,11,5,16.8,14.05,101606.48,0.0,4095.0,7.55,0
656,30,6,11,5,16.7,13.85,101646.365,0.0,4095.0,7.55,0
657,30,7,11,5,16.65,13.6,101652.205,0.0,4095.0,7.55,0
658,30,8,11,5,16.6,13.6,101616.345,0.0,4095.0,7.55,0
659,30,9,11,5,16.6,13.35,101622.54,0.0,4095.0,7.55,0
660,30,10,11,5,16.55,13.3,101580.77,0.0,4095.0,7.55,0
661,30,11,11,5,16.0,13.25,101510.7,0.0,4095.0,7.55,0
662,30,12,11,5,16.25,13.3,101430.335,0.0,4095.0,7.55,0
663,30,13,11,5,16.1,13.3,101379.285,0.0,4095.0,7.55,0
664,30,14,11,5,16.1,13.4,101376.98,0.0,4095.0,7.55,0
665,30,15,11,5,16.1,13.55,101374.0,0.0,4095.0,7.55,0
666,2,8,12,0,36.4,16.5,100478.86,46.0,3760.6,6.92,0
667,2,9,12,0,33.35,14.95,100499.935,0.0,4095.0,6.92,0
668,2,10,12,0,30.8,14.85,100414.77,0.0,4093.916666666666,6.92,0
669,2,11,12,0,28.9,14.8,100359.66,0.0,4070.333333333334,6.92,0
670,2,12,12,0,27.45000000000001,14.8,100256.75,0.0,4095.0,6.92,0
671,2,13,12,0,28.1,14.65,100257.33,0.0,4095.0,6.92,0
672,2,14,12,0,28.3,14.7,100258.61,0.0,4095.0,6.92,0
673,2,15,12,0,24.75,14.6,100266.115,0.0,4095.0,6.92,0
674,2,16,12,0,23.4,14.55,100233.67,0.0,4095.0,6.92,0
675,2,17,12,0,22.9,14.4,100271.585,0.0,4095.0,6.92,0
676,2,18,12,0,22.3,14.25,100263.57,0.0,4095.0,6.92,0
677,2,19,12,0,21.9,14.1,100219.475,0.0,4095.0,6.92,0
678,2,20,12,0,20.05,13.9,100147.0,0.0,4095.0,6.92,0
679,2,21,12,0,20.3,13.6,100170.055,0.0,4095.0,6.92,0
680,2,22,12,0,20.3,13.55,100071.3,22.0,3343.5,6.92,0
681,2,23,12,0,20.7,13.55,99960.105,38.0,3693.333333333334,6.92,0
682,3,0,12,1,20.6,13.45,99907.615,0.0,4095.0,6.45,1
683,3,1,12,1,20.6,13.4,99886.225,0.0,4095.0,6.45,1
684,3,2,12,1,20.6,13.4,99788.6,0.0,4095.0,6.45,1
685,3,3,12,1,20.7,13.35,99772.45,0.0,4095.0,6.45,1
686,3,4,12,1,20.6,13.3,99677.945,0.0,4095.0,6.45,1
687,3,5,12,1,20.6,13.3,99630.66,0.0,4095.0,6.45,1
688,3,6,12,1,20.950000000000006,13.25,99584.225,0.0,4095.0,6.45,1
689,3,7,12,1,28.6,13.35,99569.07,130.0,2555.4166666666665,6.45,1
690,3,8,12,1,32.4,13.65,99525.87,44.0,3925.916666666666,6.45,1
691,3,9,12,1,30.15,13.55,99474.895,0.0,4062.333333333334,6.45,1
692,3,10,12,1,30.3,13.55,99390.7,0.0,3942.0,6.45,1
693,3,11,12,1,28.2,13.6,99303.45,0.0,3850.833333333334,6.45,1
694,3,12,12,1,26.6,13.7,99258.82,0.0,3895.25,6.45,1
695,3,13,12,1,26.75,13.75,99297.21,0.0,4010.666666666666,6.45,1
696,3,14,12,1,26.8,13.8,99396.535,0.0,4086.666666666666,6.45,1
697,3,15,12,1,26.70000000000001,13.85,99436.905,0.0,4095.0,6.45,1
698,3,16,12,1,26.3,13.9,99523.5,0.0,4095.0,6.45,1
699,3,17,12,1,23.35,13.9,99617.57,0.0,4095.0,6.45,1
700,3,18,12,1,23.35,13.95,99668.145,0.0,4095.0,6.45,1
701,3,19,12,1,22.8,14.0,99702.705,0.0,4095.0,6.45,1
702,3,20,12,1,22.1,14.0,99728.28,0.0,4095.0,6.45,1
703,3,21,12,1,20.55,14.1,99723.925,17.0,3979.0,6.45,1
704,3,22,12,1,21.05,14.2,99753.92,35.0,2700.9166666666665,6.45,1
705,3,23,12,1,21.6,14.25,99798.98,31.0,3718.0,6.45,1
706,4,0,12,2,22.05,14.35,99876.39,0.0,4095.0,6.8,1
707,4,1,12,2,21.2,14.4,99948.89,0.0,4095.0,6.8,1
708,4,2,12,2,20.5,14.35,99964.235,0.0,4095.0,6.8,1
709,4,3,12,2,20.55,14.4,99973.235,0.0,4095.0,6.8,1
710,4,4,12,2,20.7,14.45,100000.185,0.0,4095.0,6.8,1
711,4,5,12,2,20.7,14.5,100015.53,0.0,4095.0,6.8,1
712,4,6,12,2,20.6,14.5,100068.83,0.0,4095.0,6.8,1
713,4,7,12,2,24.6,14.65,100079.445,88.0,2978.583333333333,6.8,1
714,4,8,12,2,30.85,14.8,100093.845,39.0,3609.916666666666,6.8,1
715,4,9,12,2,28.25,14.75,100099.805,0.0,3926.0,6.8,1
716,4,10,12,2,27.9,14.8,100068.51,0.0,3821.666666666666,6.8,1
717,4,11,12,2,24.85,14.9,100005.605,0.0,3862.5,6.8,1
718,4,12,12,2,25.0,14.95,99935.65,0.0,3891.0,6.8,1
719,4,13,12,2,25.1,15.05,99905.29,0.0,3959.0,6.8,1
720,4,14,12,2,25.1,15.3,99895.335,0.0,4074.5,6.8,1
721,4,15,12,2,25.05,15.4,99886.83,0.0,4095.0,6.8,1
722,4,16,12,2,25.45,15.55,99896.595,0.0,4095.0,6.8,1
723,4,17,12,2,25.6,15.65,99929.81,0.0,4095.0,6.8,1
724,4,18,12,2,25.45,15.75,99932.665,0.0,4095.0,6.8,1
725,4,19,12,2,25.25,15.85,99942.17,0.0,4095.0,6.8,1
726,4,20,12,2,24.9,15.95,99928.155,0.0,4095.0,6.8,1
727,4,21,12,2,24.70000000000001,16.1,99910.49,0.0,4095.0,6.8,1
728,4,22,12,2,24.85,16.15,99917.08,19.0,3667.666666666666,6.8,1
729,4,23,12,2,26.1,16.4,99893.47,35.0,2536.75,6.8,1
730,5,0,12,3,27.15,16.45,99892.69,23.0,3026.166666666666,7.21,1
731,5,1,12,3,27.20000000000001,16.6,99925.695,0.0,4095.0,7.21,1
732,5,2,12,3,24.75,16.6,99942.83,0.0,4095.0,7.21,1
733,5,3,12,3,24.85,16.55,99957.77,0.0,4095.0,7.21,1
734,5,4,12,3,24.9,16.6,100017.85,0.0,4095.0,7.21,1
735,5,5,12,3,24.95,16.6,100089.23,0.0,4095.0,7.21,1
736,5,6,12,3,24.75,16.65,100163.44,0.0,4095.0,7.21,1
737,5,7,12,3,24.70000000000001,16.6,100220.64,0.0,4095.0,7.21,1
738,5,8,12,3,25.1,16.65,100270.035,32.0,3241.333333333333,7.21,1
739,5,9,12,3,28.05,16.9,100314.725,15.0,2418.333333333333,7.21,1
740,5,10,12,3,32.35,17.1,100326.745,44.0,2425.9166666666665,7.21,1
741,5,11,12,3,35.0,17.1,100334.315,67.0,2426.75,7.21,1
742,5,12,12,3,32.4,17.2,100353.165,50.0,3516.416666666666,7.21,1
743,5,13,12,3,30.85,17.2,100445.145,0.0,4051.666666666666,7.21,1
744,5,14,12,3,29.7,17.2,100537.31,0.0,4094.0,7.21,1
745,5,15,12,3,28.0,17.25,100667.635,0.0,4095.0,7.21,1
746,5,16,12,3,26.25,17.25,100807.92,0.0,4095.0,7.21,1
747,5,17,12,3,21.8,17.25,100933.145,0.0,4095.0,7.21,1
748,5,18,12,3,21.9,17.25,101027.77,0.0,4095.0,7.21,1
749,5,19,12,3,20.3,17.1,101127.05,0.0,4095.0,7.21,1
750,5,20,12,3,20.3,17.05,101230.96,0.0,4095.0,7.21,1
751,5,21,12,3,19.9,16.85,101315.305,0.0,4095.0,7.21,1
752,5,22,12,3,19.6,16.8,101452.42,3.0,4052.333333333334,7.21,1
753,5,23,12,3,19.65,16.7,101544.545,39.0,2539.1666666666665,7.21,1
754,6,0,12,4,19.6,16.6,101635.235,17.0,3841.5,7.55,0
755,6,1,12,4,19.5,16.35,101724.14,0.0,4095.0,7.55,0
756,6,2,12,4,19.45,16.25,101814.505,0.0,4095.0,7.55,0
757,6,3,12,4,19.4,16.15,101844.87,0.0,4095.0,7.55,0
758,6,4,12,4,19.4,16.1,101880.94,0.0,4095.0,7.55,0
759,6,5,12,4,19.25,15.9,101924.66,0.0,4095.0,7.55,0
760,6,6,12,4,19.1,15.85,101951.55,0.0,4095.0,7.55,0
761,6,7,12,4,19.1,15.75,101990.02,0.0,4095.0,7.55,0
762,6,8,12,4,19.35,15.7,102007.57,20.0,4095.0,7.55,0
763,6,9,12,4,19.45,15.65,101986.89,20.0,3662.333333333334,7.55,0
764,6,10,12,4,28.95,15.85,101894.715,124.0,3099.416666666666,7.55,0
765,6,11,12,4,26.3,16.0,101877.17,0.0,4095.0,7.55,0
